{"glyphs":{"3":{"x_min":39,"x_max":711,"ha":765,"o":"m 682 768 q 665 675 682 717 q 619 603 648 634 q 552 551 591 572 q 467 520 513 531 l 467 516 q 649 443 587 501 q 711 287 711 385 q 687 167 711 222 q 615 71 664 112 q 493 8 567 31 q 320 -14 420 -14 q 170 0 240 -14 q 39 39 99 12 l 39 217 q 103 188 69 200 q 171 166 137 175 q 237 153 204 157 q 299 148 270 148 q 396 159 357 148 q 458 190 435 170 q 490 237 481 210 q 500 298 500 265 q 488 353 500 329 q 447 396 475 378 q 374 423 419 413 q 262 432 328 432 l 192 432 l 192 580 l 260 580 q 362 591 321 580 q 427 622 402 602 q 461 667 451 641 q 471 722 471 693 q 439 806 471 776 q 336 836 406 836 q 276 829 304 836 q 224 813 248 823 q 180 792 200 803 q 145 768 161 780 l 40 908 q 102 946 68 929 q 175 977 135 964 q 259 998 214 991 q 356 1006 305 1006 q 489 989 429 1006 q 592 943 549 973 q 658 869 635 913 q 682 768 682 825 "},"C":{"x_min":81,"x_max":836.296875,"ha":885,"o":"m 546 831 q 439 807 485 831 q 361 740 392 784 q 313 633 329 696 q 297 492 297 571 q 311 351 297 413 q 356 247 326 289 q 433 183 386 205 q 546 160 481 160 q 667 174 606 160 q 799 213 727 188 l 799 36 q 734 13 766 23 q 669 -1 702 4 q 601 -10 636 -7 q 526 -14 566 -14 q 327 22 411 -14 q 188 125 243 59 q 107 285 133 192 q 81 494 81 379 q 111 700 81 606 q 201 862 142 794 q 346 968 260 930 q 546 1006 433 1006 q 694 987 620 1006 q 836 936 768 968 l 768 765 q 656 811 712 791 q 546 831 600 831 "},"i":{"x_min":100.1875,"x_max":325.359375,"ha":424,"o":"m 100 953 q 109 1002 100 983 q 133 1033 117 1021 q 169 1050 148 1045 q 212 1055 189 1055 q 256 1050 235 1055 q 291 1033 276 1045 q 316 1002 307 1021 q 325 953 325 983 q 316 905 325 925 q 291 874 307 885 q 256 857 276 862 q 212 852 235 852 q 169 857 189 852 q 133 874 148 862 q 109 905 117 885 q 100 953 100 925 m 315 0 l 109 0 l 109 758 l 315 758 l 315 0 "},"r":{"x_min":109,"x_max":570,"ha":603,"o":"m 504 773 q 522 772 512 773 q 541 771 532 772 q 558 769 550 770 q 570 766 565 768 l 570 572 q 555 575 564 574 q 535 578 545 576 q 514 579 524 579 q 497 579 504 579 q 423 569 457 579 q 366 536 390 559 q 329 476 342 513 q 315 386 315 439 l 315 0 l 109 0 l 109 758 l 265 758 l 296 644 l 306 644 q 341 697 322 673 q 383 738 360 721 q 436 763 407 754 q 504 773 466 773 "},"c":{"x_min":69,"x_max":648.703125,"ha":693,"o":"m 424 -14 q 277 8 342 -14 q 165 78 211 30 q 93 198 118 125 q 69 375 69 272 q 94 564 69 488 q 166 687 119 641 q 278 753 212 733 q 424 773 343 773 q 540 758 482 773 q 648 718 597 744 l 588 562 q 502 594 544 581 q 423 606 461 606 q 314 549 348 606 q 280 376 280 491 q 314 206 280 261 q 421 152 348 152 q 528 167 480 152 q 627 206 576 182 l 627 35 q 578 13 601 23 q 530 -1 554 4 q 480 -10 506 -7 q 424 -14 453 -14 "},"u":{"x_min":104,"x_max":762,"ha":871,"o":"m 603 0 l 576 96 l 565 96 q 524 46 548 67 q 473 12 501 26 q 414 -7 445 -1 q 350 -14 383 -14 q 249 1 295 -14 q 171 51 204 17 q 121 137 139 85 q 104 263 104 190 l 104 758 l 310 758 l 310 314 q 335 191 310 232 q 414 150 360 150 q 482 167 455 150 q 525 215 509 183 q 548 293 541 247 q 555 401 555 340 l 555 758 l 762 758 l 762 0 l 603 0 "},"T":{"x_min":28,"x_max":735,"ha":762,"o":"m 487 0 l 277 0 l 277 817 l 28 817 l 28 992 l 735 992 l 735 817 l 487 817 l 487 0 "},"y":{"x_min":-0.25,"x_max":749.25,"ha":749,"o":"m 0 758 l 226 758 l 348 331 q 364 256 359 296 q 371 184 369 216 l 375 184 q 378 219 376 200 q 384 257 381 238 q 392 296 388 277 q 401 331 396 316 l 521 758 l 749 758 l 449 -96 q 334 -275 407 -217 q 152 -334 261 -334 q 91 -330 116 -334 q 47 -322 65 -326 l 47 -158 q 83 -164 61 -161 q 128 -167 104 -167 q 184 -158 161 -167 q 224 -133 207 -149 q 252 -95 240 -117 q 273 -44 264 -72 l 286 -6 l 0 758 "},"D":{"x_min":125,"x_max":892,"ha":973,"o":"m 892 505 q 857 285 892 379 q 758 127 823 190 q 600 31 693 63 q 386 0 506 0 l 125 0 l 125 992 l 415 992 q 612 960 524 992 q 762 868 700 929 q 858 715 824 806 q 892 505 892 624 m 681 499 q 665 641 681 581 q 616 740 648 701 q 538 798 584 779 q 432 817 492 817 l 335 817 l 335 174 l 413 174 q 614 255 547 174 q 681 499 681 336 "}," ":{"x_min":0,"x_max":0,"ha":361}},"cssFontWeight":"bold","ascender":1290,"underlinePosition":-154,"cssFontStyle":"normal","boundingBox":{"yMin":-407,"xMin":-269,"yMax":1391,"xMax":1695},"resolution":1000,"original_font_information":{"postscript_name":"DroidSans-Bold","version_string":"Version 1.00 build 107","vendor_url":"http://www.ascendercorp.com/","full_font_name":"Droid Sans Bold","font_family_name":"Droid Sans","copyright":"Digitized data copyright © 2006, Google Corporation.","description":"Droid Sans is a humanist sans serif typeface designed for user interfaces and electronic communication.","trademark":"Droid is a trademark of Google and may be registered in certain jurisdictions.","designer":"","designer_url":"http://www.ascendercorp.com/typedesigners.html","unique_font_identifier":"Ascender - Droid Sans Bold","license_url":"http://ascendercorp.com/eula10.html","license_description":"This font software is the valuable property of Ascender Corporation and/or its suppliers and its use by you is covered under the terms of a license agreement. This font software is licensed to you by Ascender Corporation for your personal or business use on up to five personal computers. You may not use this font software on more than five personal computers unless you have obtained a license from Ascender to do so. Except as specifically permitted by the license, you may not copy this font software.\n\nIf you have any questions, please review the license agreement you received with this font software, and/or contact Ascender Corporation. \n\nContact Information:\nAscender Corporation\nWeb http://www.ascendercorp.com/","manufacturer_name":"Ascender Corporation","font_sub_family_name":"Bold"},"descender":-328,"familyName":"Droid Sans","lineHeight":1617,"underlineThickness":102}